all_trees,class1,class2,class3,class4,class5,class6,class7,class8,class9,trees_cut,trees_reman,trees_seeds
9813,981.0,1508.0,215.0,1117.0,2017.0,1515.0,976.0,345.0,1139.0,3870,3208,714
7913,468.0,1501.8477444789,953.0,677.0,1512.0,1679.0,818.0,205.0,100.0,2674,2286,619
8088,203.0,1419.3597829782,1322.0,754.0,993.0,1550.0,1164.0,533.0,151.0,3239,1859,654
8266,88.0,1313.0428826094,1438.0,943.0,806.0,1196.0,1224.0,889.0,371.0,3508,1863,666
6532,37.0,1156.8822906705,1381.8477444789,1094.0,846.0,937.0,756.0,269.0,57.0,1899,2031,563
6676,15.0,1082.432983894,1297.8477444789,1106.0,931.0,864.0,725.0,532.0,126.0,2153,2117,547
6823,2.0,1055.5401405946,1254.0,1030.68715254,953.84774447888,879.0,677.0,624.0,351.0,2433,2059,540
5681,1.0,986.00994251513,1199.6830996313,1021.0,916.84774447888,857.68715253998,480.0,171.0,52.0,1471,2010,493
5806,0,964.95162350758,1149.4774088719,992.0,891.0,844.84774447888,565.68715253998,328.0,75.0,1712,1961,476
5934,0,966.01204747851,1118.4774088719,944.0,867.0,824.35978297816,587.0,448.68715253998,184.0,1943,1885,454
