after,before,cut
7592.4,9813,2220.6
8850.7259154136,10458,1607.2740845864
11257.780623283,12203,945.21937671672
15524,"nil",0
