after,before,cut,vol_cut
7592.4,"nil",2220.6,7403.4804
8599.613578822,"nil",1165.386421178,3885.3983282073
9918.3856837264,"nil",1273.6143162736,4246.2301304563
