after,before,cut,vol_cut
7592.4,"nil",2220.6,7403.4804
8633.376706139,"nil",1088.623293861,3629.4700617326
10403.183666902,"nil",906.81633309816,3023.3256545493
