after,before,cut
7592.4,9813,2220.6
9339.9965183288,10462,1122.0034816712
12324.075925626,12873,548.92407437436
16996,16996,0
