after,before,cut,vol_cut
7592.4,"nil",2220.6,7403.4804
8711.6724092202,"nil",1026.3275907798,3421.7761876597
10606.724511967,"nil",833.27548803275,2778.1404771012
